{"cameraMode":{"drawMode":0,"name":"Shaded","section":"Shading Mode"},"sceneLighting":true,"audioPlay":false,"sceneViewState":{"showFog":true,"showMaterialUpdate":false,"showSkybox":true,"showFlares":true,"showImageEffects":true,"showParticleSystems":true},"in2DMode":false,"pivot":{"x":-1.565436601638794,"y":-22.49042510986328,"z":-6.392411231994629},"rotation":{"x":-0.6494060158729553,"y":-0.004108020104467869,"z":0.003509919159114361,"w":-0.7604309320449829},"size":80.42303466796875,"orthographic":false}