{"cameraMode":{"drawMode":0,"name":"Shaded","section":"Shading Mode"},"sceneLighting":false,"audioPlay":false,"sceneViewState":{"showFog":true,"showMaterialUpdate":false,"showSkybox":true,"showFlares":true,"showImageEffects":true,"showParticleSystems":true},"in2DMode":false,"pivot":{"x":672.4668579101563,"y":449.14508056640627,"z":94.3205337524414},"rotation":{"x":-0.05965886265039444,"y":0.08235123753547669,"z":-0.0049345665611326698,"w":-0.9948127269744873},"size":2782.3291015625,"orthographic":false}